Date	Latitude	Longitude	City	Country	Lineage	Color	Airport
0	34.86793	48.5428723		Iran	XBB*	04329B	DOH
1	34.86793	48.5428723		Iran	XBB*	04329B	DOH
2	12.6270148	99.95103		Thailand	Omicron	2a6291	DOH
3	30.9317189	-6.912768690350622		Morocco	Omicron	2a6291	DOH
4	53.2716381	7.4587572		Germany	Omicron	2a6291	DOH
5	9.145	40.4897		Ethiopia	Omicron	2a6291	DOH
6	9.145	40.4897		Ethiopia	CH.1.1*	440760	DOH
7	5.9572597	116.0657877		Malaysia	Omicron	2a6291	DOH
8	-16.7967952	27.0004197		Zambia	Omicron	2a6291	DOH
9	38.9637	35.2433		Turkey	Omicron	2a6291	DOH
10	12.8628	30.2176		Sudan	Omicron	2a6291	DOH
11	22.3160874	113.93647839996052		China	Omicron	2a6291	DOH
12	21.0862162	79.0637884		India	XBB.1.5*	2B7A6B	DOH
13	21.0862162	79.0637884		India	XBB*	04329B	DOH
14	41.1338198	16.7632158		Italy	Omicron	2a6291	DOH
15	41.1338198	16.7632158		Italy	CH.1.1*	440760	DOH
16	1.352975	103.99605546603934		Singapore	Omicron	2a6291	DOH
17	-27.7853361	30.7897384		South Africa	Omicron	2a6291	DOH
18	21.0862162	79.0637884		India	Omicron	2a6291	DOH
19	49.0079	-2.5508		France	Omicron	2a6291	DOH
20	9.145	40.4897		Ethiopia	Omicron	2a6291	DOH
21	21.0862162	79.0637884		India	Omicron	2a6291	DOH
22	53.2716381	7.4587572		Germany	Omicron	2a6291	DOH
23	24.9415476	46.7119808		Saudi Arabia	Omicron	2a6291	DOH
24	21.0862162	79.0637884		India	Omicron	2a6291	DOH
25	24.8865027	67.1440768		Pakistan	Omicron	2a6291	DOH
26	33.9920437	-96.9158396		Lebanon	Omicron	2a6291	DOH
27	24.9415476	46.7119808		Saudi Arabia	Omicron	2a6291	DOH
28	-0.0869947	34.7383296		Kenya	Omicron	2a6291	DOH
29	24.0002488	53.9994829		United Arab Emirates	Omicron	2a6291	DOH
30	22.80543685	55.37312130426234		Oman	Omicron	2a6291	DOH
31	34.86793	48.5428723		Iran	Omicron	2a6291	DOH
32	41.1338198	16.7632158		Italy	Omicron	2a6291	DOH
33	28.2127094	83.6658884		Nepal	XBB.1.16*	9B0E0E	DOH
34	22.3160874	113.93647839996052		China	XBB.1.9*	BF6310	DOH
35	21.0862162	79.0637884		India	XBB.1.9*	BF6310	DOH
36	22.3160874	113.93647839996052		China	XBB*	04329B	DOH
37	-27.7853361	30.7897384		South Africa	XBB*	04329B	DOH
38	13.2099268	120.6038962		Philippines	XBB.1.9*	BF6310	DOH
39	-4.3246379	55.6919932		Seychelles	XBB.1.16*	9B0E0E	DOH
40	46.7985624	8.2319736		Switzerland	XBB*	04329B	DOH
41	46.7985624	8.2319736		Switzerland	XBB.1.16*	9B0E0E	DOH
42	13.2099268	120.6038962		Philippines	XBB.1.16*	9B0E0E	DOH
43	-27.7853361	30.7897384		South Africa	XBB.1.9*	BF6310	DOH
44	55.0356373	-1.7110967		United Kingdom	XBB.1.9*	BF6310	DOH
45	7.18250095	79.87614047745092		Sri Lanka	XBB.1.16*	9B0E0E	DOH
46	42.3743325	-71.0302794		United States	XBB.2.3*	035F66	DOH
47	5.6164609	-0.1770993		Egypt	XBB.1.16*	9B0E0E	DOH
48	42.3743325	-71.0302794		United States	XBB*	04329B	DOH
49	22.3160874	113.93647839996052		China	XBB.1.16*	9B0E0E	DOH
50	22.3160874	113.93647839996052		China	XBB.1.9*	BF6310	DOH
51	22.3160874	113.93647839996052		China	XBB*	04329B	DOH
52	22.3160874	113.93647839996052		China	XBB.1.5*	2B7A6B	DOH
53	23.61298745	89.51132630000001		Bangladesh	XBB.2.3*	035F66	DOH
54	21.0862162	79.0637884		India	XBB.1.5*	2B7A6B	DOH
55	22.3160874	113.93647839996052		China	XBB*	04329B	DOH
56	22.3160874	113.93647839996052		China	XBB.1.9*	BF6310	DOH
57	-8.7441455	115.1663723		Indonesia	XBB.1.5*	2B7A6B	DOH
58	39.47644	-87.1003925		Brazil	XBB.1.5*	2B7A6B	DOH
59	39.47644	-87.1003925		Brazil	XBB*	04329B	DOH
60	22.350627	114.1849161		Hong Kong (People's Republic of China)	XBB.1.9*	BF6310	DOH
61	22.3160874	113.93647839996052		China	XBB.1.16*	9B0E0E	DOH
62	22.3160874	113.93647839996052		China	XBB.1.9*	BF6310	DOH
63	0.0442028	32.4579692		Uganda	XBB.1.9*	BF6310	DOH
64	22.350627	114.1849161		Hong Kong (People's Republic of China)	Omicron	2a6291	DOH
65	22.350627	114.1849161		Hong Kong (People's Republic of China)	XBB.1.9*	BF6310	DOH
66	22.3160874	113.93647839996052		China	XBB*	04329B	DOH
67	43.3568493	-1.7930754		Spain	Omicron	2a6291	DOH
68	43.3568493	-1.7930754		Spain	XBB.1.5*	2B7A6B	DOH
69	22.3160874	113.93647839996052		China	XBB*	04329B	DOH
70	22.3160874	113.93647839996052		China	Omicron	2a6291	DOH
71	-27.7853361	30.7897384		South Africa	XBB.1.16*	9B0E0E	DOH
72	42.3743325	-71.0302794		United States	XBB.1.16*	9B0E0E	DOH
73	42.3743325	-71.0302794		United States	XBB.2.3*	035F66	DOH
74	42.3743325	-71.0302794		United States	XBB*	04329B	DOH
75	42.3743325	-71.0302794		United States	Omicron	2a6291	DOH
76	24.8865027	67.1440768		Pakistan	XBB*	04329B	DOH
77	7.18250095	79.87614047745092		Sri Lanka	XBB*	04329B	DOH
78	43.3467411	77.0115631		Kazakhstan	XBB.1.9.1*	84034F	DOH
79	41.1338198	16.7632158		Italy	XBB.1.16*	9B0E0E	DOH
80	43.3568493	-1.7930754		Spain	EG.5*	76227F	DOH
81	43.3568493	-1.7930754		Spain	XBB*	04329B	DOH
82	12.6270148	99.95103		Thailand	XBB.1.16*	9B0E0E	DOH
83	39.47644	-87.1003925		Brazil	XBB.1.16*	9B0E0E	DOH
84	-27.7853361	30.7897384		South Africa	XBB*	04329B	DOH
85	-27.7853361	30.7897384		South Africa	XBB.1.5*	2B7A6B	DOH
86	22.3160874	113.93647839996052		China	EG.5*	76227F	DOH
87	39.47644	-87.1003925		Brazil	XBB*	04329B	DOH
88	5.2544569	-3.9330107		Cote d'Ivoire	XBB*	04329B	DOH
89	39.47644	-87.1003925		Brazil	XBB.1.5*	2B7A6B	DOH
90	39.47644	-87.1003925		Brazil	XBB.2.3*	035F66	DOH
91	21.0862162	79.0637884		India	XBB*	04329B	DOH
92	28.2127094	83.6658884		Nepal	XBB.1.16*	9B0E0E	DOH
93	22.3160874	113.93647839996052		China	XBB*	04329B	DOH
94	22.3160874	113.93647839996052		China	EG.5*	76227F	DOH
95	22.3160874	113.93647839996052		China	XBB.2.3*	035F66	DOH
96	13.2099268	120.6038962		Philippines	EG.5*	76227F	DOH
97	13.2099268	120.6038962		Philippines	XBB*	04329B	DOH
98	39.47644	-87.1003925		Brazil	XBB.1.9.1*	84034F	DOH
99	21.0862162	79.0637884		India	EG.5*	76227F	DOH
100	46.7985624	8.2319736		Switzerland	XBB.1.9.2*	76750F	DOH
101	21.0862162	79.0637884		India	XBB.2.3*	035F66	DOH
102	12.6270148	99.95103		Thailand	XBB.1.16*	9B0E0E	DOH
103	13.2099268	120.6038962		Philippines	XBB.2.3*	035F66	DOH
104	46.7985624	8.2319736		Switzerland	EG.5*	76227F	DOH
105	21.0862162	79.0637884		India	XBB*	04329B	DOH
106	28.2127094	83.6658884		Nepal	XBB.2.3*	035F66	DOH
107	55.0356373	-1.7110967		United Kingdom	XBB.1.16*	9B0E0E	DOH
108	55.0356373	-1.7110967		United Kingdom	EG.5*	76227F	DOH
109	49.0079	-2.5508		France	XBB.1.9.1*	84034F	DOH
110	55.0356373	-1.7110967		United Kingdom	XBB*	04329B	DOH
111	28.2127094	83.6658884		Nepal	XBB*	04329B	DOH
112	9.0067224	7.2723697		Nigeria	XBB*	04329B	DOH
113	21.0862162	79.0637884		India	XBB.1.9.1*	84034F	DOH
114	43.3568493	-1.7930754		Spain	XBB.2.3*	035F66	DOH
115	22.3160874	113.93647839996052		China	EG.5*	76227F	DOH
116	15.9266657	107.9650855		Vietnam	XBB*	04329B	DOH
117	9.0067224	7.2723697		Nigeria	XBB*	04329B	DOH
118	15.9266657	107.9650855		Vietnam	EG.5*	76227F	DOH
119	33.9920437	-96.9158396		Lebanon	XBB.1.16*	9B0E0E	DOH
120	24.9415476	46.7119808		Saudi Arabia	XBB*	04329B	DOH
121	1.352975	103.99605546603934		Singapore	XBB.1.9.2*	76750F	DOH
122	-27.7853361	30.7897384		South Africa	XBB*	04329B	DOH
123	23.61298745	89.51132630000001		Bangladesh	XBB*	04329B	DOH
124	1.352975	103.99605546603934		Singapore	XBB*	04329B	DOH
125	1.352975	103.99605546603934		Singapore	EG.5*	76227F	DOH
126	1.352975	103.99605546603934		Singapore	XBB.1.9.1*	84034F	DOH
127	-27.7853361	30.7897384		South Africa	EG.5*	76227F	DOH
128	42.3743325	-71.0302794		United States	XBB*	04329B	DOH
129	42.3743325	-71.0302794		United States	EG.5*	76227F	DOH
130	41.1338198	16.7632158		Italy	XBB*	04329B	DOH
131	13.2099268	120.6038962		Philippines	XBB.2.3*	035F66	DOH
132	5.6164609	-0.1770993		Egypt	XBB.1.9.1*	84034F	DOH
133	53.2716381	7.4587572		Germany	XBB*	04329B	DOH
134	53.2716381	7.4587572		Germany	XBB.1.9.2*	76750F	DOH
135	49.0079	-2.5508		France	EG.5*	76227F	DOH
136	41.1338198	16.7632158		Italy	XBB.2.3*	035F66	DOH
137	41.1338198	16.7632158		Italy	Omicron	2a6291	DOH
138	41.1338198	16.7632158		Italy	EG.5*	76227F	DOH
139	41.1338198	16.7632158		Italy	XBB*	04329B	DOH
140	4.1898549	73.5271565		Maldives	EG.5*	76227F	DOH
141	-27.7853361	30.7897384		South Africa	XBB*	04329B	DOH
142	41.1338198	16.7632158		Italy	EG.5*	76227F	DOH
143	28.2127094	83.6658884		Nepal	XBB.1.16*	9B0E0E	DOH
144	13.2099268	120.6038962		Philippines	XBB.2.3*	035F66	DOH
145	28.2127094	83.6658884		Nepal	XBB.1.9.1*	84034F	DOH
146	-27.7853361	30.7897384		South Africa	XBB.1.9.1*	84034F	DOH
147	59.8143342	30.32107		Russia	XBB.1.16*	9B0E0E	DOH
148	49.0079	-2.5508		France	XBB.2.3*	035F66	DOH
149	41.1338198	16.7632158		Italy	XBB*	04329B	DOH
150	28.2127094	83.6658884		Nepal	XBB*	04329B	DOH
151	-17.9176704	31.09878714078309		Zimbabwe	XBB.2.3*	035F66	DOH
152	21.0862162	79.0637884		India	XBB*	04329B	DOH
153	21.0862162	79.0637884		India	EG.5*	76227F	DOH
154	22.3160874	113.93647839996052		China	EG.5*	76227F	DOH
155	22.3160874	113.93647839996052		China	XBB*	04329B	DOH
156	33.9920437	-96.9158396		Lebanon	XBB.1.9.2*	76750F	DOH
157	5.6164609	-0.1770993		Egypt	XBB.1.9.1*	84034F	DOH
158	47.3285764	-106.95163804366535		Jordan	XBB.1.9.1*	84034F	DOH
159	41.1338198	16.7632158		Italy	XBB.2.3*	035F66	DOH
160	-8.7441455	115.1663723		Indonesia	XBB.1.9.1*	84034F	DOH
161	0.0442028	32.4579692		Uganda	EG.5*	76227F	DOH
162	0.0442028	32.4579692		Uganda	XBB*	04329B	DOH
163	47.3285764	-106.95163804366535		Jordan	XBB*	04329B	DOH
164	24.9415476	46.7119808		Saudi Arabia	EG.5*	76227F	DOH
165	41.1338198	16.7632158		Italy	XBB.1.9.2*	76750F	DOH
166	41.1338198	16.7632158		Italy	XBB.1.9.1*	84034F	DOH
167	-27.3856545	153.1184918		Australia	EG.5*	76227F	DOH
168	41.1338198	16.7632158		Italy	XBB*	04329B	DOH
169	41.1338198	16.7632158		Italy	EG.5*	76227F	DOH
170	39.6091229	19.9144855		Greece	XBB*	04329B	DOH
171	41.1338198	16.7632158		Italy	XBB.1.5*	2B7A6B	DOH
172	39.6091229	19.9144855		Greece	EG.5*	76227F	DOH
173	24.9415476	46.7119808		Saudi Arabia	XBB.1.9.1*	84034F	DOH
174	55.0356373	-1.7110967		United Kingdom	EG.5*	76227F	DOH
175	47.3285764	-106.95163804366535		Jordan	XBB.2.3*	035F66	DOH
176	46.7985624	8.2319736		Switzerland	XBB*	04329B	DOH
177	15.9266657	107.9650855		Vietnam	EG.5*	76227F	DOH
178	15.9266657	107.9650855		Vietnam	XBB.1.9.1*	84034F	DOH
179	15.9266657	107.9650855		Vietnam	XBB.1.9.2*	76750F	DOH
180	46.7985624	8.2319736		Switzerland	EG.5*	76227F	DOH
181	46.7985624	8.2319736		Switzerland	XBB.1.9.1*	84034F	DOH
182	15.9266657	107.9650855		Vietnam	XBB*	04329B	DOH
183	13.2099268	120.6038962		Philippines	XBB.2.3*	035F66	DOH
184	55.0356373	-1.7110967		United Kingdom	XBB*	04329B	DOH
185	52.215933	19.134422		Poland	EG.5*	76227F	DOH
186	52.215933	19.134422		Poland	XBB.1.9.1*	84034F	DOH
187	52.215933	19.134422		Poland	XBB*	04329B	DOH
188	39.47644	-87.1003925		Brazil	EG.5*	76227F	DOH
189	53.2716381	7.4587572		Germany	XBB.2.3*	035F66	DOH
190	39.47644	-87.1003925		Brazil	XBB.1.9.2*	76750F	DOH
191	39.47644	-87.1003925		Brazil	XBB*	04329B	DOH
192	42.3743325	-71.0302794		United States	XBB.1.9.1*	84034F	DOH
193	42.3743325	-71.0302794		United States	XBB*	04329B	DOH
194	41.1338198	16.7632158		Italy	EG.5*	76227F	DOH
195	22.3160874	113.93647839996052		China	XBB.1.9.2*	76750F	DOH
196	13.2099268	120.6038962		Philippines	XBB*	04329B	DOH
197	13.2099268	120.6038962		Philippines	XBB.2.3*	035F66	DOH
198	38.9637	35.2433		Turkey	XBB*	04329B	DOH
199	22.3160874	113.93647839996052		China	EG.5*	76227F	DOH
200	42.3743325	-71.0302794		United States	XBB.1.9.1*	84034F	DOH
201	24.9415476	46.7119808		Saudi Arabia	BA.2.86*	5344AA	DOH
202	24.9415476	46.7119808		Saudi Arabia	Omicron	2a6291	DOH
203	42.3743325	-71.0302794		United States	Omicron	2a6291	DOH
204	-8.7441455	115.1663723		Indonesia	BA.2.86*	5344AA	DOH
205	53.2716381	7.4587572		Germany	BA.2.86*	5344AA	DOH
206	53.95694255	-97.84823872487668		Norway	BA.2.86*	5344AA	DOH
207	12.6270148	99.95103		Thailand	BA.2.86*	5344AA	DOH
208	37.23512285	127.00921616567815		South Korea	EG.5*	76227F	DOH
209	12.1336618	-68.2761892		Netherlands	BA.2.86*	5344AA	DOH
210	-27.7853361	30.7897384		South Africa	Omicron	2a6291	DOH
211	41.1338198	16.7632158		Italy	Omicron	2a6291	DOH
212	-27.7853361	30.7897384		South Africa	BA.2.86*	5344AA	DOH
213	13.2099268	120.6038962		Philippines	BA.2.86*	5344AA	DOH
214	24.8865027	67.1440768		Pakistan	BA.2.86*	5344AA	DOH
215	38.9637	35.2433		Turkey	XBB.1.5*	2B7A6B	DOH
216	13.2099268	120.6038962		Philippines	Omicron	2a6291	DOH
217	36.1634261	137.9289785		Japan	EG.5*	76227F	DOH
218	43.3467411	77.0115631		Kazakhstan	XBB.1.9.1*	84034F	DOH
219	41.1338198	16.7632158		Italy	BA.2.86*	5344AA	DOH
220	13.2099268	120.6038962		Philippines	XBB.1.5*	2B7A6B	DOH
221	1.352975	103.99605546603934		Singapore	BA.2.86*	5344AA	DOH
222	15.9266657	107.9650855		Vietnam	BA.2.86*	5344AA	DOH
223	53.2716381	7.4587572		Germany	XBB*	04329B	DOH
224	53.2716381	7.4587572		Germany	EG.5*	76227F	DOH
225	-8.7441455	115.1663723		Indonesia	BA.2.86*	5344AA	DOH
226	-27.7853361	30.7897384		South Africa	XBB.1.5*	2B7A6B	DOH
227	53.2716381	7.4587572		Germany	Omicron	2a6291	DOH
228	13.2099268	120.6038962		Philippines	EG.5*	76227F	DOH
229	13.2099268	120.6038962		Philippines	XBB*	04329B	DOH
230	12.6270148	99.95103		Thailand	BA.2.86*	5344AA	DOH
231	13.2099268	120.6038962		Philippines	BA.2.86*	5344AA	DOH
232	23.61298745	89.51132630000001		Bangladesh	BA.2.86*	5344AA	DOH
233	34.86793	48.5428723		Iran	BA.2.86*	5344AA	DOH
234	42.3743325	-71.0302794		United States	BA.2.86*	5344AA	DOH
235	13.2099268	120.6038962		Philippines	Omicron	2a6291	DOH
236	13.2099268	120.6038962		Philippines	BA.2.86*	5344AA	DOH
237	12.1336618	-68.2761892		Netherlands	BA.2.86*	5344AA	DOH
238	47.7930175	12.9950154		Austria	Omicron	2a6291	DOH
239	53.2716381	7.4587572		Germany	XBB*	04329B	DOH
240	53.2716381	7.4587572		Germany	EG.5*	76227F	DOH
241	21.0862162	79.0637884		India	XBB*	04329B	DOH
242	47.7930175	12.9950154		Austria	XBB.1.16*	9B0E0E	DOH
243	21.0862162	79.0637884		India	Omicron	2a6291	DOH
244	-27.7853361	30.7897384		South Africa	BA.2.86*	5344AA	DOH
245	49.0079	-2.5508		France	XBB.1.5*	2B7A6B	DOH
246	49.0079	-2.5508		France	Omicron	2a6291	DOH
247	12.6270148	99.95103		Thailand	Omicron	2a6291	DOH
248	12.6270148	99.95103		Thailand	EG.5*	76227F	DOH
249	37.23512285	127.00921616567815		South Korea	XBB*	04329B	DOH
250	37.23512285	127.00921616567815		South Korea	BA.2.86*	5344AA	DOH
251	37.23512285	127.00921616567815		South Korea	Omicron	2a6291	DOH
252	34.86793	48.5428723		Iran	BA.2.86*	5344AA	DOH
253	53.2716381	7.4587572		Germany	XBB*	04329B	DOH
254	53.2716381	7.4587572		Germany	EG.5*	76227F	DOH
255	49.0079	-2.5508		France	XBB*	04329B	DOH
256	37.23512285	127.00921616567815		South Korea	EG.5*	76227F	DOH
257	12.6270148	99.95103		Thailand	BA.2.86*	5344AA	DOH
258	22.3160874	113.93647839996052		China	EG.5*	76227F	DOH
259	53.2716381	7.4587572		Germany	Omicron	2a6291	DOH
260	11.55351865	104.8444244551626		Cambodia	BA.2.86*	5344AA	DOH
261	21.0862162	79.0637884		India	BA.2.86*	5344AA	DOH
262	53.91158075	-8.81314269279339		Ireland	Omicron	2a6291	DOH
263	11.55351865	104.8444244551626		Cambodia	Omicron	2a6291	DOH
264	53.91158075	-8.81314269279339		Ireland	BA.2.86*	5344AA	DOH
265	46.7985624	8.2319736		Switzerland	XBB.1.9.1*	84034F	DOH
266	47.7930175	12.9950154		Austria	BA.2.86*	5344AA	DOH
267	30.9496969	-91.5824929		Angola	XBB.2.3*	035F66	DOH
268	30.9496969	-91.5824929		Angola	Omicron	2a6291	DOH
269	30.9496969	-91.5824929		Angola	XBB*	04329B	DOH
270	-19.302233	34.9144977		Mozambique	BA.2.86*	5344AA	DOH
271	13.2099268	120.6038962		Philippines	BA.2.86*	5344AA	DOH
272	4.1898549	73.5271565		Maldives	BA.2.86*	5344AA	DOH
273	30.9496969	-91.5824929		Angola	BA.2.86*	5344AA	DOH
274	4.1898549	73.5271565		Maldives	Omicron	2a6291	DOH
275	22.3160874	113.93647839996052		China	BA.2.86*	5344AA	DOH
276	41.1338198	16.7632158		Italy	Omicron	2a6291	DOH
277	5.6164609	-0.1770993		Egypt	XBB.2.3*	035F66	DOH
278	41.1338198	16.7632158		Italy	EG.5*	76227F	DOH
279	7.18250095	79.87614047745092		Sri Lanka	BA.2.86*	5344AA	DOH
280	5.6164609	-0.1770993		Egypt	BA.2.86*	5344AA	DOH
281	41.1338198	16.7632158		Italy	XBB.1.9.2*	76750F	DOH
282	13.2099268	120.6038962		Philippines	BA.2.86*	5344AA	DOH
283	5.6164609	-0.1770993		Egypt	Omicron	2a6291	DOH
284	24.9415476	46.7119808		Saudi Arabia	EG.5*	76227F	DOH
285	38.9637	35.2433		Turkey	BA.2.86*	5344AA	DOH
286	21.0862162	79.0637884		India	BA.2.86*	5344AA	DOH
287	43.3568493	-1.7930754		Spain	BA.2.86*	5344AA	DOH
288	50.63575965	5.426222477561027		Belgium	BA.2.86*	5344AA	DOH
289	12.6270148	99.95103		Thailand	Omicron	2a6291	DOH
290	12.6270148	99.95103		Thailand	XBB*	04329B	DOH
291	53.2716381	7.4587572		Germany	BA.2.86*	5344AA	DOH
292	4.1898549	73.5271565		Maldives	BA.2.86*	5344AA	DOH
293	12.6270148	99.95103		Thailand	BA.2.86*	5344AA	DOH
294	-8.7441455	115.1663723		Indonesia	BA.2.86*	5344AA	DOH
295	12.6270148	99.95103		Thailand	XBB.1.9.1*	84034F	DOH
296	42.3743325	-71.0302794		United States	BA.2.86*	5344AA	DOH
297	7.18250095	79.87614047745092		Sri Lanka	BA.2.86*	5344AA	DOH
298	13.2099268	120.6038962		Philippines	BA.2.86*	5344AA	DOH
299	41.1338198	16.7632158		Italy	EG.5*	76227F	DOH
300	53.2716381	7.4587572		Germany	XBB*	04329B	DOH
301	53.2716381	7.4587572		Germany	EG.5*	76227F	DOH
302	22.350627	114.1849161		Hong Kong (People's Republic of China)	BA.2.86*	5344AA	DOH
303	53.2716381	7.4587572		Germany	Omicron	2a6291	DOH
304	5.9572597	116.0657877		Malaysia	BA.2.86*	5344AA	DOH
305	13.2099268	120.6038962		Philippines	BA.2.86*	5344AA	DOH
306	35.7626211	10.7545542		Tunisia	BA.2.86*	5344AA	DOH
307	12.1336618	-68.2761892		Netherlands	BA.2.86*	5344AA	DOH
308	23.61298745	89.51132630000001		Bangladesh	BA.2.86*	5344AA	DOH
309	24.9415476	46.7119808		Saudi Arabia	BA.2.86*	5344AA	DOH
310	24.8865027	67.1440768		Pakistan	BA.2.86*	5344AA	DOH
311	39.47644	-87.1003925		Brazil	BA.2.86*	5344AA	DOH
312	39.47644	-87.1003925		Brazil	Omicron	2a6291	DOH
313	28.2127094	83.6658884		Nepal	BA.2.86*	5344AA	DOH
314	50.1152569	14.284724		Czechia	BA.2.86*	5344AA	DOH
315	21.0862162	79.0637884		India	BA.2.86*	5344AA	DOH
316	-27.3856545	153.1184918		Australia	BA.2.86*	5344AA	DOH
317	23.61298745	89.51132630000001		Bangladesh	BA.2.86*	5344AA	DOH
318	59.8143342	30.32107		Russia	BA.2.86*	5344AA	DOH
319	9.0067224	7.2723697		Nigeria	BA.2.86*	5344AA	DOH
320	42.3743325	-71.0302794		United States	BA.2.86*	5344AA	DOH
321	-8.7441455	115.1663723		Indonesia	BA.2.86*	5344AA	DOH
322	22.3160874	113.93647839996052		China	BA.2.86*	5344AA	DOH
323	24.9415476	46.7119808		Saudi Arabia	BA.2.86*	5344AA	DOH
324	37.23512285	127.00921616567815		South Korea	BA.2.86*	5344AA	DOH
325	21.0862162	79.0637884		India	BA.2.86*	5344AA	DOH
326	5.6164609	-0.1770993		Egypt	BA.2.86*	5344AA	DOH
327	36.1634261	137.9289785		Japan	BA.2.86*	5344AA	DOH
328	28.2127094	83.6658884		Nepal	BA.2.86*	5344AA	DOH
329	5.9572597	116.0657877		Malaysia	Omicron	2a6291	DOH
330	12.6270148	99.95103		Thailand	BA.2.86*	5344AA	DOH
331	9.0067224	7.2723697		Nigeria	BA.2.86*	5344AA	DOH
332	5.9572597	116.0657877		Malaysia	BA.2.86*	5344AA	DOH
333	22.3160874	113.93647839996052		China	BA.2.86*	5344AA	DOH
334	11.55351865	104.8444244551626		Cambodia	BA.2.86*	5344AA	DOH
335	55.0356373	-1.7110967		United Kingdom	BA.2.86*	5344AA	DOH
336	-27.7853361	30.7897384		South Africa	BA.2.86*	5344AA	DOH
337	-27.7853361	30.7897384		South Africa	BA.2.86*	5344AA	DOH
338	9.0067224	7.2723697		Nigeria	BA.2.86*	5344AA	DOH
339	39.6091229	19.9144855		Greece	BA.2.86*	5344AA	DOH
340	38.9637	35.2433		Turkey	BA.2.86*	5344AA	DOH
341	-27.7853361	30.7897384		South Africa	BA.2.86*	5344AA	DOH
342	-6.5247123	35.7878438		Tanzania	BA.2.86*	5344AA	DOH
343	4.1898549	73.5271565		Maldives	BA.2.86*	5344AA	DOH
344	7.18250095	79.87614047745092		Sri Lanka	BA.2.86*	5344AA	DOH
345	-27.3856545	153.1184918		Australia	BA.2.86*	5344AA	DOH
346	13.2099268	120.6038962		Philippines	BA.2.86*	5344AA	DOH
347	24.9415476	46.7119808		Saudi Arabia	BA.2.86*	5344AA	DOH
348	24.9415476	46.7119808		Saudi Arabia	Omicron	2a6291	DOH
349	24.9415476	46.7119808		Saudi Arabia	BA.2.86*	5344AA	DOH
350	22.3160874	113.93647839996052		China	BA.2.86*	5344AA	DOH
351	-6.5247123	35.7878438		Tanzania	BA.2.86*	5344AA	DOH
352	53.2716381	7.4587572		Germany	BA.2.86*	5344AA	DOH
353	-8.7441455	115.1663723		Indonesia	BA.2.86*	5344AA	DOH
354	36.7429195	3.1924633		Algeria	BA.2.86*	5344AA	DOH
355	5.6164609	-0.1770993		Egypt	BA.2.86*	5344AA	DOH
356	47.7930175	12.9950154		Austria	BA.2.86*	5344AA	DOH
357	-8.7441455	115.1663723		Indonesia	BA.2.86*	5344AA	DOH
358	55.0356373	-1.7110967		United Kingdom	BA.2.86*	5344AA	DOH
359	21.0862162	79.0637884		India	BA.2.86*	5344AA	DOH
360	24.8865027	67.1440768		Pakistan	BA.2.86*	5344AA	DOH
361	37.23512285	127.00921616567815		South Korea	BA.2.86*	5344AA	DOH
362	21.0862162	79.0637884		India	BA.2.86*	5344AA	DOH
363	-27.3856545	153.1184918		Australia	BA.2.86*	5344AA	DOH
364	23.61298745	89.51132630000001		Bangladesh	BA.2.86*	5344AA	DOH
365	24.8865027	67.1440768		Pakistan	BA.2.86*	5344AA	DOH
366	24.0002488	53.9994829		United Arab Emirates	BA.2.86*	5344AA	DOH
367	22.3160874	113.93647839996052		China	BA.2.86*	5344AA	DOH
368	21.0862162	79.0637884		India	BA.2.86*	5344AA	DOH
369	42.3743325	-71.0302794		United States	BA.2.86*	5344AA	DOH
370	55.0356373	-1.7110967		United Kingdom	BA.2.86*	5344AA	DOH
371	-27.7853361	30.7897384		South Africa	BA.2.86*	5344AA	DOH
372	11.55351865	104.8444244551626		Cambodia	BA.2.86*	5344AA	DOH
373	13.2099268	120.6038962		Philippines	BA.2.86*	5344AA	DOH
374	-8.7441455	115.1663723		Indonesia	BA.2.86*	5344AA	DOH
375	47.7930175	12.9950154		Austria	BA.2.86*	5344AA	DOH
376	41.1338198	16.7632158		Italy	BA.2.86*	5344AA	DOH
377	55.0356373	-1.7110967		United Kingdom	Omicron	2a6291	DOH
378	59.8143342	30.32107		Russia	BA.2.86*	5344AA	DOH
379	5.9572597	116.0657877		Malaysia	BA.2.86*	5344AA	DOH
380	-0.0869947	34.7383296		Kenya	BA.2.86*	5344AA	DOH
381	28.2127094	83.6658884		Nepal	BA.2.86*	5344AA	DOH
382	22.3160874	113.93647839996052		China	BA.2.86*	5344AA	DOH
383	22.3160874	113.93647839996052		China	Omicron	2a6291	DOH
384	42.3743325	-71.0302794		United States	BA.2.86*	5344AA	DOH
385	24.8865027	67.1440768		Pakistan	Omicron	2a6291	DOH
386	-27.3856545	153.1184918		Australia	BA.2.86*	5344AA	DOH
387	24.8865027	67.1440768		Pakistan	BA.2.86*	5344AA	DOH
388	9.0067224	7.2723697		Nigeria	BA.2.86*	5344AA	DOH
389	21.0862162	79.0637884		India	BA.2.86*	5344AA	DOH
390	-0.0869947	34.7383296		Kenya	BA.2.86*	5344AA	DOH
391	49.0079	-2.5508		France	BA.2.86*	5344AA	DOH
392	21.0862162	79.0637884		India	BA.2.86*	5344AA	DOH
393	22.3160874	113.93647839996052		China	Omicron	2a6291	DOH
394	49.0079	-2.5508		France	Omicron	2a6291	DOH
395	5.6533152	-0.2527234		Ghana	BA.2.86*	5344AA	DOH
396	5.6533152	-0.2527234		Ghana	Omicron	2a6291	DOH
397	22.3160874	113.93647839996052		China	BA.2.86*	5344AA	DOH
398	22.3160874	113.93647839996052		China	BA.2.86*	5344AA	DOH
399	38.9637	35.2433		Turkey	BA.2.86*	5344AA	DOH
400	38.9637	35.2433		Turkey	KP.2*	aa8724	DOH
401	12.6270148	99.95103		Thailand	JN.1.18*	2f6b13	DOH
402	50.63575965	5.426222477561027		Belgium	BA.2.86*	5344AA	DOH
403	0.0442028	32.4579692		Uganda	JN.1.18*	2f6b13	DOH
404	12.6270148	99.95103		Thailand	BA.2.86*	5344AA	DOH
405	21.0862162	79.0637884		India	KP.2*	aa8724	DOH
406	1.352975	103.99605546603934		Singapore	BA.2.86*	5344AA	DOH
407	37.23512285	127.00921616567815		South Korea	BA.2.86*	5344AA	DOH
408	22.350627	114.1849161		Hong Kong (People's Republic of China)	BA.2.86*	5344AA	DOH
409	42.3743325	-71.0302794		United States	BA.2.86*	5344AA	DOH
410	42.3743325	-71.0302794		United States	KP.2*	aa8724	DOH
411	53.2716381	7.4587572		Germany	BA.2.86*	5344AA	DOH
412	28.2127094	83.6658884		Nepal	JN.1.18*	2f6b13	DOH
413	23.61298745	89.51132630000001		Bangladesh	KP.2*	aa8724	DOH
414	23.61298745	89.51132630000001		Bangladesh	BA.2.86*	5344AA	DOH
415	28.2127094	83.6658884		Nepal	BA.2.86*	5344AA	DOH
416	28.2127094	83.6658884		Nepal	KP.2*	aa8724	DOH
417	5.9572597	116.0657877		Malaysia	JN.1.18*	2f6b13	DOH
418	5.9572597	116.0657877		Malaysia	KP.2*	aa8724	DOH
419	-27.3856545	153.1184918		Australia	BA.2.86*	5344AA	DOH
420	24.9415476	46.7119808		Saudi Arabia	KP.2*	aa8724	DOH
421	5.9572597	116.0657877		Malaysia	BA.2.86*	5344AA	DOH
422	9.0067224	7.2723697		Nigeria	BA.2.86*	5344AA	DOH
423	55.0356373	-1.7110967		United Kingdom	BA.2.86*	5344AA	DOH
424	13.2099268	120.6038962		Philippines	BA.2.86*	5344AA	DOH
425	-27.3856545	153.1184918		Australia	Omicron	2a6291	DOH
426	41.1338198	16.7632158		Italy	BA.2.86*	5344AA	DOH
427	1.352975	103.99605546603934		Singapore	KP.3*	a53c13	DOH
428	24.9415476	46.7119808		Saudi Arabia	JN.1.18*	2f6b13	DOH
429	-20.0254002	-63.0890999		Canada	BA.2.86*	5344AA	DOH
430	11.55351865	104.8444244551626		Cambodia	BA.2.86*	5344AA	DOH
431	49.0079	-2.5508		France	BA.2.86*	5344AA	DOH
432	49.0079	-2.5508		France	JN.1.18*	2f6b13	DOH
433	7.18250095	79.87614047745092		Sri Lanka	JN.1.18*	2f6b13	DOH
434	22.3160874	113.93647839996052		China	JN.1.18*	2f6b13	DOH
435	53.95694255	-97.84823872487668		Norway	BA.2.86*	5344AA	DOH
436	-8.7441455	115.1663723		Indonesia	BA.2.86*	5344AA	DOH
437	7.18250095	79.87614047745092		Sri Lanka	BA.2.86*	5344AA	DOH
438	36.7429195	3.1924633		Algeria	BA.2.86*	5344AA	DOH
439	53.95694255	-97.84823872487668		Norway	KP.2*	aa8724	DOH
440	21.0862162	79.0637884		India	BA.2.86*	5344AA	DOH
441	53.95694255	-97.84823872487668		Norway	JN.1.18*	2f6b13	DOH
442	53.2716381	7.4587572		Germany	BA.2.86*	5344AA	DOH
443	24.8865027	67.1440768		Pakistan	BA.2.86*	5344AA	DOH
444	42.3743325	-71.0302794		United States	BA.2.86*	5344AA	DOH
445	24.8865027	67.1440768		Pakistan	JN.1.18*	2f6b13	DOH
446	-6.5247123	35.7878438		Tanzania	KP.2*	aa8724	DOH
447	49.0079	-2.5508		France	BA.2.86*	5344AA	DOH
448	42.3743325	-71.0302794		United States	KP.2*	aa8724	DOH
449	5.9572597	116.0657877		Malaysia	KP.2*	aa8724	DOH
450	5.9572597	116.0657877		Malaysia	Omicron	2a6291	DOH
451	-36.9990189	174.7897027		New Zealand	BA.2.86*	5344AA	DOH
452	5.9572597	116.0657877		Malaysia	BA.2.86*	5344AA	DOH
453	5.9572597	116.0657877		Malaysia	JN.1.18*	2f6b13	DOH
454	53.91158075	-8.81314269279339		Ireland	KP.2*	aa8724	DOH
455	-27.7853361	30.7897384		South Africa	BA.2.86*	5344AA	DOH
456	21.0862162	79.0637884		India	BA.2.86*	5344AA	DOH
457	46.7985624	8.2319736		Switzerland	BA.2.86*	5344AA	DOH
458	38.9637	35.2433		Turkey	BA.2.86*	5344AA	DOH
459	-27.7853361	30.7897384		South Africa	JN.1.18*	2f6b13	DOH
460	46.7985624	8.2319736		Switzerland	JN.1.18*	2f6b13	DOH
461	53.91158075	-8.81314269279339		Ireland	BA.2.86*	5344AA	DOH
462	-6.5247123	35.7878438		Tanzania	KP.2*	aa8724	DOH
463	52.215933	19.134422		Poland	JN.1.7*	335e18	DOH
464	-27.3856545	153.1184918		Australia	KP.2*	aa8724	DOH
465	-8.7441455	115.1663723		Indonesia	BA.2.86*	5344AA	DOH
466	53.2716381	7.4587572		Germany	BA.2.86*	5344AA	DOH
467	-27.3856545	153.1184918		Australia	BA.2.86*	5344AA	DOH
468	-36.9990189	174.7897027		New Zealand	KP.2*	aa8724	DOH
469	-36.9990189	174.7897027		New Zealand	BA.2.86*	5344AA	DOH
470	-8.7441455	115.1663723		Indonesia	LB.1*	a33a8d	DOH
471	-20.0254002	-63.0890999		Canada	KP.3*	a53c13	DOH
472	-8.7441455	115.1663723		Indonesia	JN.1.18*	2f6b13	DOH
473	37.23512285	127.00921616567815		South Korea	KP.3*	a53c13	DOH
474	-8.7441455	115.1663723		Indonesia	BA.2.86*	5344AA	DOH
475	22.80543685	55.37312130426234		Oman	KP.3*	a53c13	DOH
476	37.23512285	127.00921616567815		South Korea	KP.2*	aa8724	DOH
477	59.8143342	30.32107		Russia	JN.1.18*	2f6b13	DOH
478	53.2716381	7.4587572		Germany	KP.3*	a53c13	DOH
479	42.3743325	-71.0302794		United States	BA.2.86*	5344AA	DOH
480	55.0356373	-1.7110967		United Kingdom	JN.1.18*	2f6b13	DOH
481	53.2716381	7.4587572		Germany	BA.2.86*	5344AA	DOH
482	24.8865027	67.1440768		Pakistan	JN.1.18*	2f6b13	DOH
483	24.8865027	67.1440768		Pakistan	BA.2.86*	5344AA	DOH
484	1.352975	103.99605546603934		Singapore	BA.2.86*	5344AA	DOH
485	-27.3856545	153.1184918		Australia	KP.3*	a53c13	DOH
486	55.0356373	-1.7110967		United Kingdom	BA.2.86*	5344AA	DOH
487	42.3743325	-71.0302794		United States	JN.1.7*	335e18	DOH
488	12.6270148	99.95103		Thailand	KP.2*	aa8724	DOH
489	53.2716381	7.4587572		Germany	KP.2*	aa8724	DOH
490	28.2127094	83.6658884		Nepal	BA.2.86*	5344AA	DOH
491	12.1336618	-68.2761892		Netherlands	BA.2.86*	5344AA	DOH
492	13.2099268	120.6038962		Philippines	BA.2.86*	5344AA	DOH
493	-0.0869947	34.7383296		Kenya	BA.2.86*	5344AA	DOH
494	55.0356373	-1.7110967		United Kingdom	KP.2*	aa8724	DOH
495	11.55351865	104.8444244551626		Cambodia	BA.2.86*	5344AA	DOH
496	7.18250095	79.87614047745092		Sri Lanka	BA.2.86*	5344AA	DOH
497	13.2099268	120.6038962		Philippines	JN.1.7*	335e18	DOH
498	24.8865027	67.1440768		Pakistan	BA.2.86*	5344AA	DOH
499	49.0079	-2.5508		France	JN.1.18*	2f6b13	DOH
500	-27.3856545	153.1184918		Australia	BA.2.86*	5344AA	DOH
501	13.2099268	120.6038962		Philippines	KP.3*	a53c13	DOH
502	53.91158075	-8.81314269279339		Ireland	KP.3*	a53c13	DOH
503	13.2099268	120.6038962		Philippines	Omicron	2a6291	DOH
504	21.0862162	79.0637884		India	BA.2.86*	5344AA	DOH
505	13.2099268	120.6038962		Philippines	BA.2.86*	5344AA	DOH
506	22.3160874	113.93647839996052		China	KP.2*	aa8724	DOH
507	9.0067224	7.2723697		Nigeria	KP.3*	a53c13	DOH
508	-8.7441455	115.1663723		Indonesia	BA.2.86*	5344AA	DOH
509	9.0067224	7.2723697		Nigeria	BA.2.86*	5344AA	DOH
510	21.0862162	79.0637884		India	KP.2*	aa8724	DOH
511	-27.3856545	153.1184918		Australia	KP.3*	a53c13	DOH
512	53.91158075	-8.81314269279339		Ireland	BA.2.86*	5344AA	DOH
513	9.0067224	7.2723697		Nigeria	JN.1.18*	2f6b13	DOH
514	-8.7441455	115.1663723		Indonesia	KP.2*	aa8724	DOH
515	49.0079	-2.5508		France	BA.2.86*	5344AA	DOH
516	22.3160874	113.93647839996052		China	BA.2.86*	5344AA	DOH
517	24.9415476	46.7119808		Saudi Arabia	BA.2.86*	5344AA	DOH
518	-27.3856545	153.1184918		Australia	BA.2.86*	5344AA	DOH
519	-0.0869947	34.7383296		Kenya	Omicron	2a6291	DOH
520	-0.0869947	34.7383296		Kenya	BA.2.86*	5344AA	DOH
521	59.8143342	30.32107		Russia	BA.2.86*	5344AA	DOH
522	43.3568493	-1.7930754		Spain	KP.2*	aa8724	DOH
523	43.3568493	-1.7930754		Spain	BA.2.86*	5344AA	DOH
524	35.7626211	10.7545542		Tunisia	KP.2*	aa8724	DOH
525	5.6164609	-0.1770993		Egypt	Omicron	2a6291	DOH
526	35.7626211	10.7545542		Tunisia	BA.2.86*	5344AA	DOH
527	5.6164609	-0.1770993		Egypt	BA.2.86*	5344AA	DOH
528	55.0356373	-1.7110967		United Kingdom	BA.2.86*	5344AA	DOH
529	55.0356373	-1.7110967		United Kingdom	Omicron	2a6291	DOH
530	22.3160874	113.93647839996052		China	JN.1.18*	2f6b13	DOH
531	-27.7853361	30.7897384		South Africa	BA.2.86*	5344AA	DOH
532	22.3160874	113.93647839996052		China	KP.3*	a53c13	DOH
533	-27.7853361	30.7897384		South Africa	Omicron	2a6291	DOH
534	55.0356373	-1.7110967		United Kingdom	KP.3*	a53c13	DOH
535	55.0356373	-1.7110967		United Kingdom	JN.1.18*	2f6b13	DOH
536	22.3160874	113.93647839996052		China	BA.2.86*	5344AA	DOH
537	42.3743325	-71.0302794		United States	BA.2.86*	5344AA	DOH
538	53.2716381	7.4587572		Germany	Omicron	2a6291	DOH
539	53.2716381	7.4587572		Germany	KP.2*	aa8724	DOH
540	15.9266657	107.9650855		Vietnam	JN.1.18*	2f6b13	DOH
541	15.9266657	107.9650855		Vietnam	BA.2.86*	5344AA	DOH
542	42.3743325	-71.0302794		United States	KP.2*	aa8724	DOH
543	53.2716381	7.4587572		Germany	KP.3*	a53c13	DOH
544	42.3743325	-71.0302794		United States	KP.3*	a53c13	DOH
545	-27.3856545	153.1184918		Australia	KP.2*	aa8724	DOH
546	53.2716381	7.4587572		Germany	BA.2.86*	5344AA	DOH
547	24.9415476	46.7119808		Saudi Arabia	BA.2.86*	5344AA	DOH
548	7.18250095	79.87614047745092		Sri Lanka	JN.1.18*	2f6b13	DOH
549	41.1338198	16.7632158		Italy	BA.2.86*	5344AA	DOH
550	7.18250095	79.87614047745092		Sri Lanka	BA.2.86*	5344AA	DOH
551	24.9415476	46.7119808		Saudi Arabia	KP.2*	aa8724	DOH
552	41.1338198	16.7632158		Italy	Omicron	2a6291	DOH
553	42.3743325	-71.0302794		United States	JN.1.18*	2f6b13	DOH
554	24.9415476	46.7119808		Saudi Arabia	Omicron	2a6291	DOH
555	-27.3856545	153.1184918		Australia	BA.2.86*	5344AA	DOH
556	47.3285764	-106.95163804366535		Jordan	KP.2*	aa8724	DOH
557	53.2716381	7.4587572		Germany	JN.1.18*	2f6b13	DOH
558	7.18250095	79.87614047745092		Sri Lanka	KP.3*	a53c13	DOH
559	47.3285764	-106.95163804366535		Jordan	BA.2.86*	5344AA	DOH
560	24.9415476	46.7119808		Saudi Arabia	Omicron	2a6291	DOH
561	55.0356373	-1.7110967		United Kingdom	Omicron	2a6291	DOH
562	23.61298745	89.51132630000001		Bangladesh	Omicron	2a6291	DOH
563	55.0356373	-1.7110967		United Kingdom	JN.1.18*	2f6b13	DOH
564	13.2099268	120.6038962		Philippines	JN.1.18*	2f6b13	DOH
565	23.61298745	89.51132630000001		Bangladesh	KP.3*	a53c13	DOH
566	22.3160874	113.93647839996052		China	BA.2.86*	5344AA	DOH
567	24.9415476	46.7119808		Saudi Arabia	JN.1.18*	2f6b13	DOH
568	13.2099268	120.6038962		Philippines	Omicron	2a6291	DOH
569	24.9415476	46.7119808		Saudi Arabia	BA.2.86*	5344AA	DOH
570	23.61298745	89.51132630000001		Bangladesh	BA.2.86*	5344AA	DOH
571	47.3285764	-106.95163804366535		Jordan	Omicron	2a6291	DOH
572	-27.3856545	153.1184918		Australia	Omicron	2a6291	DOH
573	36.1634261	137.9289785		Japan	Omicron	2a6291	DOH
574	36.1634261	137.9289785		Japan	KP.2*	aa8724	DOH
575	36.1634261	137.9289785		Japan	JN.1.18*	2f6b13	DOH
576	22.3160874	113.93647839996052		China	KP.3.1.1*	963e3e	DOH
577	47.3285764	-106.95163804366535		Jordan	KP.2*	aa8724	DOH
578	36.1634261	137.9289785		Japan	BA.2.86*	5344AA	DOH
579	47.3285764	-106.95163804366535		Jordan	BA.2.86*	5344AA	DOH
580	24.9415476	46.7119808		Saudi Arabia	KP.2*	aa8724	DOH
581	13.2099268	120.6038962		Philippines	BA.2.86*	5344AA	DOH
582	-27.3856545	153.1184918		Australia	BA.2.86*	5344AA	DOH
583	22.3160874	113.93647839996052		China	KP.3*	a53c13	DOH
584	55.0356373	-1.7110967		United Kingdom	BA.2.86*	5344AA	DOH
585	55.0356373	-1.7110967		United Kingdom	KP.3*	a53c13	DOH
586	23.61298745	89.51132630000001		Bangladesh	KP.2*	aa8724	DOH
587	-27.3856545	153.1184918		Australia	KP.3*	a53c13	DOH
588	13.2099268	120.6038962		Philippines	KP.2*	aa8724	DOH
589	42.3743325	-71.0302794		United States	Omicron	2a6291	DOH
590	47.7930175	12.9950154		Austria	BA.2.86*	5344AA	DOH
591	42.3743325	-71.0302794		United States	KP.3*	a53c13	DOH
592	47.7930175	12.9950154		Austria	KP.3.1.1*	963e3e	DOH
593	43.3568493	-1.7930754		Spain	KP.3.1.1*	963e3e	DOH
594	43.3568493	-1.7930754		Spain	BA.2.86*	5344AA	DOH
595	39.47644	-87.1003925		Brazil	KP.2*	aa8724	DOH
596	39.47644	-87.1003925		Brazil	BA.2.86*	5344AA	DOH
597	12.6270148	99.95103		Thailand	BA.2.86*	5344AA	DOH
598	-8.7441455	115.1663723		Indonesia	KP.3.1.1*	963e3e	DOH
599	39.47644	-87.1003925		Brazil	JN.1.18*	2f6b13	DOH
600	39.47644	-87.1003925		Brazil	Omicron	2a6291	DOH
601	49.0079	-2.5508		France	KP.3*	a53c13	DOH
602	29.20266855	47.98759996193816		Kuwait	KP.2*	aa8724	DOH
603	55.0356373	-1.7110967		United Kingdom	BA.2.86*	5344AA	DOH
604	55.0356373	-1.7110967		United Kingdom	Omicron	2a6291	DOH
605	29.20266855	47.98759996193816		Kuwait	BA.2.86*	5344AA	DOH
606	28.2127094	83.6658884		Nepal	BA.2.86*	5344AA	DOH
607	49.0079	-2.5508		France	BA.2.86*	5344AA	DOH
608	29.20266855	47.98759996193816		Kuwait	JN.1.18*	2f6b13	DOH
609	9.0067224	7.2723697		Nigeria	BA.2.86*	5344AA	DOH
610	49.0079	-2.5508		France	Omicron	2a6291	DOH
611	24.9415476	46.7119808		Saudi Arabia	Omicron	2a6291	DOH
612	24.9415476	46.7119808		Saudi Arabia	KP.2*	aa8724	DOH
613	24.9415476	46.7119808		Saudi Arabia	JN.1.18*	2f6b13	DOH
614	24.9415476	46.7119808		Saudi Arabia	BA.2.86*	5344AA	DOH
615	21.0862162	79.0637884		India	BA.2.86*	5344AA	DOH
